[
  {
    "usoCpu": 29,
    "memoriaTotal": "23.3GB",
    "memoriaUsada": "14.7GB",
    "memoriaPercentual": 63,
    "id": 1,
    "horario": "2025-12-24T23:08:55.594Z"
  },
  {
    "usoCpu": 30,
    "memoriaTotal": "23.3GB",
    "memoriaUsada": "14.7GB",
    "memoriaPercentual": 63,
    "id": 2,
    "horario": "2025-12-24T23:08:55.599Z"
  },
  {
    "usoCpu": 35,
    "memoriaTotal": "23.3GB",
    "memoriaUsada": "15.2GB",
    "memoriaPercentual": 65,
    "id": 3,
    "horario": "2025-12-24T23:08:59.946Z"
  },
  {
    "usoCpu": 35,
    "memoriaTotal": "23.3GB",
    "memoriaUsada": "15.2GB",
    "memoriaPercentual": 65,
    "id": 4,
    "horario": "2025-12-24T23:08:59.957Z"
  },
  {
    "usoCpu": 19,
    "memoriaTotal": "23.3GB",
    "memoriaUsada": "15.3GB",
    "memoriaPercentual": 66,
    "id": 5,
    "horario": "2025-12-24T23:09:01.683Z"
  },
  {
    "usoCpu": 13,
    "memoriaTotal": "23.3GB",
    "memoriaUsada": "15.2GB",
    "memoriaPercentual": 65,
    "id": 6,
    "horario": "2025-12-24T23:09:04.113Z"
  },
  {
    "usoCpu": 13,
    "memoriaTotal": "23.3GB",
    "memoriaUsada": "15.2GB",
    "memoriaPercentual": 65,
    "id": 7,
    "horario": "2025-12-24T23:09:04.123Z"
  },
  {
    "usoCpu": 15,
    "memoriaTotal": "23.3GB",
    "memoriaUsada": "15.2GB",
    "memoriaPercentual": 65,
    "id": 8,
    "horario": "2025-12-24T23:09:04.464Z"
  },
  {
    "usoCpu": 9,
    "memoriaTotal": "23.3GB",
    "memoriaUsada": "15.2GB",
    "memoriaPercentual": 65,
    "id": 9,
    "horario": "2025-12-24T23:09:07.231Z"
  },
  {
    "usoCpu": 10,
    "memoriaTotal": "23.3GB",
    "memoriaUsada": "15.2GB",
    "memoriaPercentual": 65,
    "id": 10,
    "horario": "2025-12-24T23:09:08.264Z"
  },
  {
    "usoCpu": 10,
    "memoriaTotal": "23.3GB",
    "memoriaUsada": "15.2GB",
    "memoriaPercentual": 65,
    "id": 11,
    "horario": "2025-12-24T23:09:08.273Z"
  },
  {
    "usoCpu": 7,
    "memoriaTotal": "23.3GB",
    "memoriaUsada": "15.0GB",
    "memoriaPercentual": 65,
    "id": 12,
    "horario": "2025-12-24T23:09:10.012Z"
  },
  {
    "usoCpu": 11,
    "memoriaTotal": "23.3GB",
    "memoriaUsada": "15.0GB",
    "memoriaPercentual": 64,
    "id": 13,
    "horario": "2025-12-24T23:09:12.417Z"
  },
  {
    "usoCpu": 11,
    "memoriaTotal": "23.3GB",
    "memoriaUsada": "15.0GB",
    "memoriaPercentual": 64,
    "id": 14,
    "horario": "2025-12-24T23:09:12.429Z"
  },
  {
    "usoCpu": 15,
    "memoriaTotal": "23.3GB",
    "memoriaUsada": "15.0GB",
    "memoriaPercentual": 65,
    "id": 15,
    "horario": "2025-12-24T23:09:12.787Z"
  },
  {
    "usoCpu": 29,
    "memoriaTotal": "23.3GB",
    "memoriaUsada": "15.0GB",
    "memoriaPercentual": 65,
    "id": 16,
    "horario": "2025-12-24T23:09:15.600Z"
  },
  {
    "usoCpu": 13,
    "memoriaTotal": "23.3GB",
    "memoriaUsada": "15.0GB",
    "memoriaPercentual": 65,
    "id": 17,
    "horario": "2025-12-24T23:09:16.581Z"
  },
  {
    "usoCpu": 13,
    "memoriaTotal": "23.3GB",
    "memoriaUsada": "15.0GB",
    "memoriaPercentual": 65,
    "id": 18,
    "horario": "2025-12-24T23:09:16.599Z"
  },
  {
    "usoCpu": 10,
    "memoriaTotal": "23.3GB",
    "memoriaUsada": "15.0GB",
    "memoriaPercentual": 65,
    "id": 19,
    "horario": "2025-12-24T23:09:18.390Z"
  },
  {
    "usoCpu": 12,
    "memoriaTotal": "23.3GB",
    "memoriaUsada": "15.0GB",
    "memoriaPercentual": 65,
    "id": 20,
    "horario": "2025-12-24T23:09:20.744Z"
  },
  {
    "usoCpu": 12,
    "memoriaTotal": "23.3GB",
    "memoriaUsada": "15.0GB",
    "memoriaPercentual": 65,
    "id": 21,
    "horario": "2025-12-24T23:09:20.765Z"
  },
  {
    "usoCpu": 19,
    "memoriaTotal": "23.3GB",
    "memoriaUsada": "15.0GB",
    "memoriaPercentual": 65,
    "id": 22,
    "horario": "2025-12-24T23:09:21.181Z"
  },
  {
    "usoCpu": 18,
    "memoriaTotal": "23.3GB",
    "memoriaUsada": "15.0GB",
    "memoriaPercentual": 64,
    "id": 23,
    "horario": "2025-12-24T23:09:23.965Z"
  },
  {
    "usoCpu": 12,
    "memoriaTotal": "23.3GB",
    "memoriaUsada": "15.0GB",
    "memoriaPercentual": 65,
    "id": 24,
    "horario": "2025-12-24T23:09:24.919Z"
  },
  {
    "usoCpu": 12,
    "memoriaTotal": "23.3GB",
    "memoriaUsada": "15.0GB",
    "memoriaPercentual": 65,
    "id": 25,
    "horario": "2025-12-24T23:09:24.939Z"
  },
  {
    "usoCpu": 10,
    "memoriaTotal": "23.3GB",
    "memoriaUsada": "15.0GB",
    "memoriaPercentual": 64,
    "id": 26,
    "horario": "2025-12-24T23:09:26.740Z"
  },
  {
    "usoCpu": 22,
    "memoriaTotal": "23.3GB",
    "memoriaUsada": "15.0GB",
    "memoriaPercentual": 64,
    "id": 27,
    "horario": "2025-12-24T23:09:29.079Z"
  },
  {
    "usoCpu": 22,
    "memoriaTotal": "23.3GB",
    "memoriaUsada": "15.0GB",
    "memoriaPercentual": 64,
    "id": 28,
    "horario": "2025-12-24T23:09:29.102Z"
  },
  {
    "usoCpu": 17,
    "memoriaTotal": "23.3GB",
    "memoriaUsada": "15.0GB",
    "memoriaPercentual": 65,
    "id": 29,
    "horario": "2025-12-24T23:09:29.530Z"
  },
  {
    "usoCpu": 11,
    "memoriaTotal": "23.3GB",
    "memoriaUsada": "14.9GB",
    "memoriaPercentual": 64,
    "id": 30,
    "horario": "2025-12-24T23:09:32.309Z"
  },
  {
    "usoCpu": 12,
    "memoriaTotal": "23.3GB",
    "memoriaUsada": "14.9GB",
    "memoriaPercentual": 64,
    "id": 31,
    "horario": "2025-12-24T23:09:33.236Z"
  },
  {
    "usoCpu": 11,
    "memoriaTotal": "23.3GB",
    "memoriaUsada": "14.9GB",
    "memoriaPercentual": 64,
    "id": 32,
    "horario": "2025-12-24T23:09:33.258Z"
  },
  {
    "usoCpu": 10,
    "memoriaTotal": "23.3GB",
    "memoriaUsada": "14.4GB",
    "memoriaPercentual": 62,
    "id": 33,
    "horario": "2025-12-24T23:09:35.034Z"
  },
  {
    "usoCpu": 7,
    "memoriaTotal": "23.3GB",
    "memoriaUsada": "14.4GB",
    "memoriaPercentual": 62,
    "id": 34,
    "horario": "2025-12-24T23:09:37.387Z"
  },
  {
    "usoCpu": 7,
    "memoriaTotal": "23.3GB",
    "memoriaUsada": "14.4GB",
    "memoriaPercentual": 62,
    "id": 35,
    "horario": "2025-12-24T23:09:37.420Z"
  },
  {
    "usoCpu": 13,
    "memoriaTotal": "23.3GB",
    "memoriaUsada": "14.4GB",
    "memoriaPercentual": 62,
    "id": 36,
    "horario": "2025-12-24T23:09:37.792Z"
  },
  {
    "usoCpu": 7,
    "memoriaTotal": "23.3GB",
    "memoriaUsada": "14.4GB",
    "memoriaPercentual": 62,
    "id": 37,
    "horario": "2025-12-24T23:09:40.557Z"
  },
  {
    "usoCpu": 8,
    "memoriaTotal": "23.3GB",
    "memoriaUsada": "14.4GB",
    "memoriaPercentual": 62,
    "id": 38,
    "horario": "2025-12-24T23:09:41.538Z"
  },
  {
    "usoCpu": 8,
    "memoriaTotal": "23.3GB",
    "memoriaUsada": "14.4GB",
    "memoriaPercentual": 62,
    "id": 39,
    "horario": "2025-12-24T23:09:41.571Z"
  },
  {
    "usoCpu": 5,
    "memoriaTotal": "23.3GB",
    "memoriaUsada": "14.4GB",
    "memoriaPercentual": 62,
    "id": 40,
    "horario": "2025-12-24T23:09:43.326Z"
  },
  {
    "usoCpu": 13,
    "memoriaTotal": "23.3GB",
    "memoriaUsada": "14.4GB",
    "memoriaPercentual": 62,
    "id": 41,
    "horario": "2025-12-24T23:09:45.708Z"
  },
  {
    "usoCpu": 13,
    "memoriaTotal": "23.3GB",
    "memoriaUsada": "14.4GB",
    "memoriaPercentual": 62,
    "id": 42,
    "horario": "2025-12-24T23:09:45.735Z"
  },
  {
    "usoCpu": 19,
    "memoriaTotal": "23.3GB",
    "memoriaUsada": "14.4GB",
    "memoriaPercentual": 62,
    "id": 43,
    "horario": "2025-12-24T23:09:46.114Z"
  },
  {
    "usoCpu": 17,
    "memoriaTotal": "23.3GB",
    "memoriaUsada": "14.6GB",
    "memoriaPercentual": 63,
    "id": 44,
    "horario": "2025-12-24T23:09:48.893Z"
  },
  {
    "usoCpu": 9,
    "memoriaTotal": "23.3GB",
    "memoriaUsada": "14.6GB",
    "memoriaPercentual": 63,
    "id": 45,
    "horario": "2025-12-24T23:09:49.874Z"
  },
  {
    "usoCpu": 9,
    "memoriaTotal": "23.3GB",
    "memoriaUsada": "14.6GB",
    "memoriaPercentual": 63,
    "id": 46,
    "horario": "2025-12-24T23:09:49.906Z"
  },
  {
    "usoCpu": 7,
    "memoriaTotal": "23.3GB",
    "memoriaUsada": "14.6GB",
    "memoriaPercentual": 63,
    "id": 47,
    "horario": "2025-12-24T23:09:51.676Z"
  },
  {
    "usoCpu": 19,
    "memoriaTotal": "23.3GB",
    "memoriaUsada": "14.6GB",
    "memoriaPercentual": 63,
    "id": 48,
    "horario": "2025-12-24T23:09:54.040Z"
  },
  {
    "usoCpu": 19,
    "memoriaTotal": "23.3GB",
    "memoriaUsada": "14.6GB",
    "memoriaPercentual": 63,
    "id": 49,
    "horario": "2025-12-24T23:09:54.074Z"
  },
  {
    "usoCpu": 22,
    "memoriaTotal": "23.3GB",
    "memoriaUsada": "14.6GB",
    "memoriaPercentual": 63,
    "id": 50,
    "horario": "2025-12-24T23:09:54.483Z"
  },
  {
    "usoCpu": 11,
    "memoriaTotal": "23.3GB",
    "memoriaUsada": "14.6GB",
    "memoriaPercentual": 63,
    "id": 51,
    "horario": "2025-12-24T23:09:57.263Z"
  },
  {
    "usoCpu": 9,
    "memoriaTotal": "23.3GB",
    "memoriaUsada": "14.6GB",
    "memoriaPercentual": 63,
    "id": 52,
    "horario": "2025-12-24T23:09:58.194Z"
  },
  {
    "usoCpu": 9,
    "memoriaTotal": "23.3GB",
    "memoriaUsada": "14.6GB",
    "memoriaPercentual": 63,
    "id": 53,
    "horario": "2025-12-24T23:09:58.226Z"
  },
  {
    "usoCpu": 6,
    "memoriaTotal": "23.3GB",
    "memoriaUsada": "14.6GB",
    "memoriaPercentual": 63,
    "id": 54,
    "horario": "2025-12-24T23:10:00.059Z"
  },
  {
    "usoCpu": 22,
    "memoriaTotal": "23.3GB",
    "memoriaUsada": "14.7GB",
    "memoriaPercentual": 63,
    "id": 55,
    "horario": "2025-12-24T23:10:02.370Z"
  },
  {
    "usoCpu": 21,
    "memoriaTotal": "23.3GB",
    "memoriaUsada": "14.7GB",
    "memoriaPercentual": 63,
    "id": 56,
    "horario": "2025-12-24T23:10:02.392Z"
  },
  {
    "usoCpu": 16,
    "memoriaTotal": "23.3GB",
    "memoriaUsada": "14.7GB",
    "memoriaPercentual": 63,
    "id": 57,
    "horario": "2025-12-24T23:10:02.844Z"
  },
  {
    "usoCpu": 6,
    "memoriaTotal": "23.3GB",
    "memoriaUsada": "14.8GB",
    "memoriaPercentual": 64,
    "id": 58,
    "horario": "2025-12-24T23:10:05.604Z"
  },
  {
    "usoCpu": 13,
    "memoriaTotal": "23.3GB",
    "memoriaUsada": "14.8GB",
    "memoriaPercentual": 64,
    "id": 59,
    "horario": "2025-12-24T23:10:06.504Z"
  },
  {
    "usoCpu": 13,
    "memoriaTotal": "23.3GB",
    "memoriaUsada": "14.8GB",
    "memoriaPercentual": 64,
    "id": 60,
    "horario": "2025-12-24T23:10:06.529Z"
  },
  {
    "usoCpu": 5,
    "memoriaTotal": "23.3GB",
    "memoriaUsada": "14.6GB",
    "memoriaPercentual": 63,
    "id": 61,
    "horario": "2025-12-24T23:10:08.379Z"
  },
  {
    "usoCpu": 8,
    "memoriaTotal": "23.3GB",
    "memoriaUsada": "14.6GB",
    "memoriaPercentual": 63,
    "id": 62,
    "horario": "2025-12-24T23:10:10.649Z"
  },
  {
    "usoCpu": 8,
    "memoriaTotal": "23.3GB",
    "memoriaUsada": "14.6GB",
    "memoriaPercentual": 63,
    "id": 63,
    "horario": "2025-12-24T23:10:10.664Z"
  },
  {
    "usoCpu": 10,
    "memoriaTotal": "23.3GB",
    "memoriaUsada": "14.6GB",
    "memoriaPercentual": 63,
    "id": 64,
    "horario": "2025-12-24T23:10:11.151Z"
  },
  {
    "usoCpu": 22,
    "memoriaTotal": "23.3GB",
    "memoriaUsada": "14.6GB",
    "memoriaPercentual": 63,
    "id": 65,
    "horario": "2025-12-24T23:10:13.903Z"
  },
  {
    "usoCpu": 8,
    "memoriaTotal": "23.3GB",
    "memoriaUsada": "14.6GB",
    "memoriaPercentual": 63,
    "id": 66,
    "horario": "2025-12-24T23:10:14.788Z"
  },
  {
    "usoCpu": 7,
    "memoriaTotal": "23.3GB",
    "memoriaUsada": "14.6GB",
    "memoriaPercentual": 63,
    "id": 67,
    "horario": "2025-12-24T23:10:14.807Z"
  },
  {
    "usoCpu": 5,
    "memoriaTotal": "23.3GB",
    "memoriaUsada": "14.6GB",
    "memoriaPercentual": 63,
    "id": 68,
    "horario": "2025-12-24T23:10:16.652Z"
  },
  {
    "usoCpu": 10,
    "memoriaTotal": "23.3GB",
    "memoriaUsada": "14.6GB",
    "memoriaPercentual": 63,
    "id": 69,
    "horario": "2025-12-24T23:10:18.933Z"
  },
  {
    "usoCpu": 11,
    "memoriaTotal": "23.3GB",
    "memoriaUsada": "14.6GB",
    "memoriaPercentual": 63,
    "id": 70,
    "horario": "2025-12-24T23:10:18.954Z"
  },
  {
    "usoCpu": 10,
    "memoriaTotal": "23.3GB",
    "memoriaUsada": "14.6GB",
    "memoriaPercentual": 63,
    "id": 71,
    "horario": "2025-12-24T23:10:19.407Z"
  },
  {
    "usoCpu": 18,
    "memoriaTotal": "23.3GB",
    "memoriaUsada": "14.5GB",
    "memoriaPercentual": 63,
    "id": 72,
    "horario": "2025-12-24T23:10:22.153Z"
  },
  {
    "usoCpu": 6,
    "memoriaTotal": "23.3GB",
    "memoriaUsada": "14.5GB",
    "memoriaPercentual": 63,
    "id": 73,
    "horario": "2025-12-24T23:10:23.078Z"
  },
  {
    "usoCpu": 6,
    "memoriaTotal": "23.3GB",
    "memoriaUsada": "14.5GB",
    "memoriaPercentual": 63,
    "id": 74,
    "horario": "2025-12-24T23:10:23.097Z"
  },
  {
    "usoCpu": 21,
    "memoriaTotal": "23.3GB",
    "memoriaUsada": "14.6GB",
    "memoriaPercentual": 63,
    "id": 75,
    "horario": "2025-12-24T23:10:24.927Z"
  },
  {
    "usoCpu": 13,
    "memoriaTotal": "23.3GB",
    "memoriaUsada": "14.6GB",
    "memoriaPercentual": 63,
    "id": 76,
    "horario": "2025-12-24T23:10:27.237Z"
  },
  {
    "usoCpu": 13,
    "memoriaTotal": "23.3GB",
    "memoriaUsada": "14.6GB",
    "memoriaPercentual": 63,
    "id": 77,
    "horario": "2025-12-24T23:10:27.259Z"
  },
  {
    "usoCpu": 16,
    "memoriaTotal": "23.3GB",
    "memoriaUsada": "14.6GB",
    "memoriaPercentual": 63,
    "id": 78,
    "horario": "2025-12-24T23:10:27.720Z"
  },
  {
    "usoCpu": 12,
    "memoriaTotal": "23.3GB",
    "memoriaUsada": "14.6GB",
    "memoriaPercentual": 63,
    "id": 79,
    "horario": "2025-12-24T23:10:30.503Z"
  },
  {
    "usoCpu": 12,
    "memoriaTotal": "23.3GB",
    "memoriaUsada": "14.6GB",
    "memoriaPercentual": 63,
    "id": 80,
    "horario": "2025-12-24T23:10:31.400Z"
  },
  {
    "usoCpu": 12,
    "memoriaTotal": "23.3GB",
    "memoriaUsada": "14.6GB",
    "memoriaPercentual": 63,
    "id": 81,
    "horario": "2025-12-24T23:10:31.424Z"
  },
  {
    "usoCpu": 8,
    "memoriaTotal": "23.3GB",
    "memoriaUsada": "14.6GB",
    "memoriaPercentual": 63,
    "id": 82,
    "horario": "2025-12-24T23:10:33.287Z"
  },
  {
    "usoCpu": 10,
    "memoriaTotal": "23.3GB",
    "memoriaUsada": "14.5GB",
    "memoriaPercentual": 63,
    "id": 83,
    "horario": "2025-12-24T23:10:35.575Z"
  },
  {
    "usoCpu": 10,
    "memoriaTotal": "23.3GB",
    "memoriaUsada": "14.5GB",
    "memoriaPercentual": 63,
    "id": 84,
    "horario": "2025-12-24T23:10:35.578Z"
  },
  {
    "usoCpu": 10,
    "memoriaTotal": "23.3GB",
    "memoriaUsada": "14.5GB",
    "memoriaPercentual": 63,
    "id": 85,
    "horario": "2025-12-24T23:10:36.093Z"
  },
  {
    "usoCpu": 28,
    "memoriaTotal": "23.3GB",
    "memoriaUsada": "14.6GB",
    "memoriaPercentual": 63,
    "id": 86,
    "horario": "2025-12-24T23:10:38.889Z"
  },
  {
    "usoCpu": 25,
    "memoriaTotal": "23.3GB",
    "memoriaUsada": "14.6GB",
    "memoriaPercentual": 63,
    "id": 87,
    "horario": "2025-12-24T23:10:39.737Z"
  },
  {
    "usoCpu": 24,
    "memoriaTotal": "23.3GB",
    "memoriaUsada": "14.6GB",
    "memoriaPercentual": 63,
    "id": 88,
    "horario": "2025-12-24T23:10:39.752Z"
  },
  {
    "usoCpu": 10,
    "memoriaTotal": "23.3GB",
    "memoriaUsada": "14.4GB",
    "memoriaPercentual": 62,
    "id": 89,
    "horario": "2025-12-24T23:10:41.677Z"
  },
  {
    "usoCpu": 13,
    "memoriaTotal": "23.3GB",
    "memoriaUsada": "14.4GB",
    "memoriaPercentual": 62,
    "id": 90,
    "horario": "2025-12-24T23:10:43.905Z"
  },
  {
    "usoCpu": 13,
    "memoriaTotal": "23.3GB",
    "memoriaUsada": "14.4GB",
    "memoriaPercentual": 62,
    "id": 91,
    "horario": "2025-12-24T23:10:43.919Z"
  },
  {
    "usoCpu": 8,
    "memoriaTotal": "23.3GB",
    "memoriaUsada": "14.4GB",
    "memoriaPercentual": 62,
    "id": 92,
    "horario": "2025-12-24T23:10:44.486Z"
  },
  {
    "usoCpu": 9,
    "memoriaTotal": "23.3GB",
    "memoriaUsada": "14.3GB",
    "memoriaPercentual": 61,
    "id": 93,
    "horario": "2025-12-24T23:10:47.252Z"
  },
  {
    "usoCpu": 12,
    "memoriaTotal": "23.3GB",
    "memoriaUsada": "14.3GB",
    "memoriaPercentual": 61,
    "id": 94,
    "horario": "2025-12-24T23:10:48.067Z"
  },
  {
    "usoCpu": 12,
    "memoriaTotal": "23.3GB",
    "memoriaUsada": "14.3GB",
    "memoriaPercentual": 61,
    "id": 95,
    "horario": "2025-12-24T23:10:48.079Z"
  },
  {
    "usoCpu": 12,
    "memoriaTotal": "23.3GB",
    "memoriaUsada": "14.3GB",
    "memoriaPercentual": 61,
    "id": 96,
    "horario": "2025-12-24T23:10:50.024Z"
  },
  {
    "usoCpu": 11,
    "memoriaTotal": "23.3GB",
    "memoriaUsada": "14.3GB",
    "memoriaPercentual": 62,
    "id": 97,
    "horario": "2025-12-24T23:10:52.261Z"
  },
  {
    "usoCpu": 11,
    "memoriaTotal": "23.3GB",
    "memoriaUsada": "14.3GB",
    "memoriaPercentual": 62,
    "id": 98,
    "horario": "2025-12-24T23:10:52.266Z"
  },
  {
    "usoCpu": 10,
    "memoriaTotal": "23.3GB",
    "memoriaUsada": "14.3GB",
    "memoriaPercentual": 62,
    "id": 99,
    "horario": "2025-12-24T23:10:52.829Z"
  },
  {
    "usoCpu": 14,
    "memoriaTotal": "23.3GB",
    "memoriaUsada": "14.3GB",
    "memoriaPercentual": 62,
    "id": 100,
    "horario": "2025-12-24T23:10:55.615Z"
  },
  {
    "usoCpu": 19,
    "memoriaTotal": "23.3GB",
    "memoriaUsada": "14.3GB",
    "memoriaPercentual": 62,
    "id": 101,
    "horario": "2025-12-24T23:10:56.436Z"
  },
  {
    "usoCpu": 20,
    "memoriaTotal": "23.3GB",
    "memoriaUsada": "14.3GB",
    "memoriaPercentual": 62,
    "id": 102,
    "horario": "2025-12-24T23:10:56.442Z"
  },
  {
    "usoCpu": 9,
    "memoriaTotal": "23.3GB",
    "memoriaUsada": "14.4GB",
    "memoriaPercentual": 62,
    "id": 103,
    "horario": "2025-12-24T23:10:58.394Z"
  },
  {
    "usoCpu": 9,
    "memoriaTotal": "23.3GB",
    "memoriaUsada": "14.3GB",
    "memoriaPercentual": 62,
    "id": 104,
    "horario": "2025-12-24T23:11:00.596Z"
  },
  {
    "usoCpu": 9,
    "memoriaTotal": "23.3GB",
    "memoriaUsada": "14.3GB",
    "memoriaPercentual": 62,
    "id": 105,
    "horario": "2025-12-24T23:11:00.599Z"
  },
  {
    "usoCpu": 7,
    "memoriaTotal": "23.3GB",
    "memoriaUsada": "14.3GB",
    "memoriaPercentual": 61,
    "id": 106,
    "horario": "2025-12-24T23:11:01.179Z"
  },
  {
    "usoCpu": 18,
    "memoriaTotal": "23.3GB",
    "memoriaUsada": "14.2GB",
    "memoriaPercentual": 61,
    "id": 107,
    "horario": "2025-12-24T23:11:03.950Z"
  },
  {
    "usoCpu": 13,
    "memoriaTotal": "23.3GB",
    "memoriaUsada": "14.2GB",
    "memoriaPercentual": 61,
    "id": 108,
    "horario": "2025-12-24T23:11:04.754Z"
  },
  {
    "usoCpu": 13,
    "memoriaTotal": "23.3GB",
    "memoriaUsada": "14.2GB",
    "memoriaPercentual": 61,
    "id": 109,
    "horario": "2025-12-24T23:11:04.761Z"
  },
  {
    "usoCpu": 22,
    "memoriaTotal": "23.3GB",
    "memoriaUsada": "14.3GB",
    "memoriaPercentual": 61,
    "id": 110,
    "horario": "2025-12-24T23:11:06.753Z"
  },
  {
    "usoCpu": 16,
    "memoriaTotal": "23.3GB",
    "memoriaUsada": "14.3GB",
    "memoriaPercentual": 61,
    "id": 111,
    "horario": "2025-12-24T23:11:08.924Z"
  },
  {
    "usoCpu": 17,
    "memoriaTotal": "23.3GB",
    "memoriaUsada": "14.3GB",
    "memoriaPercentual": 61,
    "id": 112,
    "horario": "2025-12-24T23:11:08.939Z"
  },
  {
    "usoCpu": 8,
    "memoriaTotal": "23.3GB",
    "memoriaUsada": "13.4GB",
    "memoriaPercentual": 58,
    "id": 113,
    "horario": "2025-12-24T23:11:09.552Z"
  },
  {
    "usoCpu": 7,
    "memoriaTotal": "23.3GB",
    "memoriaUsada": "13.1GB",
    "memoriaPercentual": 56,
    "id": 114,
    "horario": "2025-12-24T23:11:12.294Z"
  },
  {
    "usoCpu": 6,
    "memoriaTotal": "23.3GB",
    "memoriaUsada": "13.1GB",
    "memoriaPercentual": 56,
    "id": 115,
    "horario": "2025-12-24T23:11:13.059Z"
  },
  {
    "usoCpu": 6,
    "memoriaTotal": "23.3GB",
    "memoriaUsada": "13.1GB",
    "memoriaPercentual": 56,
    "id": 116,
    "horario": "2025-12-24T23:11:13.074Z"
  },
  {
    "usoCpu": 7,
    "memoriaTotal": "23.3GB",
    "memoriaUsada": "13.1GB",
    "memoriaPercentual": 56,
    "id": 117,
    "horario": "2025-12-24T23:11:15.026Z"
  },
  {
    "usoCpu": 7,
    "memoriaTotal": "23.3GB",
    "memoriaUsada": "13.1GB",
    "memoriaPercentual": 56,
    "id": 118,
    "horario": "2025-12-24T23:11:17.203Z"
  },
  {
    "usoCpu": 7,
    "memoriaTotal": "23.3GB",
    "memoriaUsada": "13.1GB",
    "memoriaPercentual": 56,
    "id": 119,
    "horario": "2025-12-24T23:11:17.234Z"
  },
  {
    "usoCpu": 6,
    "memoriaTotal": "23.3GB",
    "memoriaUsada": "13.1GB",
    "memoriaPercentual": 56,
    "id": 120,
    "horario": "2025-12-24T23:11:17.796Z"
  },
  {
    "usoCpu": 26,
    "memoriaTotal": "23.3GB",
    "memoriaUsada": "12.9GB",
    "memoriaPercentual": 55,
    "id": 121,
    "horario": "2025-12-24T23:11:20.522Z"
  },
  {
    "usoCpu": 15,
    "memoriaTotal": "23.3GB",
    "memoriaUsada": "12.9GB",
    "memoriaPercentual": 55,
    "id": 122,
    "horario": "2025-12-24T23:11:21.327Z"
  },
  {
    "usoCpu": 15,
    "memoriaTotal": "23.3GB",
    "memoriaUsada": "12.9GB",
    "memoriaPercentual": 55,
    "id": 123,
    "horario": "2025-12-24T23:11:21.357Z"
  },
  {
    "usoCpu": 2,
    "memoriaTotal": "23.3GB",
    "memoriaUsada": "12.8GB",
    "memoriaPercentual": 55,
    "id": 124,
    "horario": "2025-12-24T23:11:23.206Z"
  },
  {
    "usoCpu": 6,
    "memoriaTotal": "23.3GB",
    "memoriaUsada": "12.7GB",
    "memoriaPercentual": 55,
    "id": 125,
    "horario": "2025-12-24T23:11:25.485Z"
  },
  {
    "usoCpu": 5,
    "memoriaTotal": "23.3GB",
    "memoriaUsada": "12.6GB",
    "memoriaPercentual": 54,
    "id": 126,
    "horario": "2025-12-24T23:11:25.494Z"
  },
  {
    "usoCpu": 9,
    "memoriaTotal": "23.3GB",
    "memoriaUsada": "12.0GB",
    "memoriaPercentual": 52,
    "id": 127,
    "horario": "2025-12-24T23:11:25.883Z"
  },
  {
    "usoCpu": 9,
    "memoriaTotal": "23.3GB",
    "memoriaUsada": "10.5GB",
    "memoriaPercentual": 45,
    "id": 128,
    "horario": "2025-12-26T05:36:08.035Z"
  },
  {
    "usoCpu": 4,
    "memoriaTotal": "23.3GB",
    "memoriaUsada": "10.5GB",
    "memoriaPercentual": 45,
    "id": 129,
    "horario": "2025-12-26T05:36:10.619Z"
  },
  {
    "usoCpu": 3,
    "memoriaTotal": "23.3GB",
    "memoriaUsada": "10.5GB",
    "memoriaPercentual": 45,
    "id": 130,
    "horario": "2025-12-26T05:36:13.214Z"
  },
  {
    "usoCpu": 4,
    "memoriaTotal": "23.3GB",
    "memoriaUsada": "10.4GB",
    "memoriaPercentual": 45,
    "id": 131,
    "horario": "2025-12-26T05:36:15.814Z"
  },
  {
    "usoCpu": 6,
    "memoriaTotal": "23.3GB",
    "memoriaUsada": "10.5GB",
    "memoriaPercentual": 45,
    "id": 132,
    "horario": "2025-12-26T05:36:18.396Z"
  },
  {
    "usoCpu": 4,
    "memoriaTotal": "23.3GB",
    "memoriaUsada": "10.5GB",
    "memoriaPercentual": 45,
    "id": 133,
    "horario": "2025-12-26T05:36:20.977Z"
  },
  {
    "usoCpu": 5,
    "memoriaTotal": "23.3GB",
    "memoriaUsada": "10.3GB",
    "memoriaPercentual": 44,
    "id": 134,
    "horario": "2025-12-26T05:36:23.556Z"
  },
  {
    "usoCpu": 4,
    "memoriaTotal": "23.3GB",
    "memoriaUsada": "10.3GB",
    "memoriaPercentual": 44,
    "id": 135,
    "horario": "2025-12-26T05:36:26.136Z"
  },
  {
    "usoCpu": 7,
    "memoriaTotal": "23.3GB",
    "memoriaUsada": "10.2GB",
    "memoriaPercentual": 44,
    "id": 136,
    "horario": "2025-12-26T05:36:28.720Z"
  },
  {
    "usoCpu": 7,
    "memoriaTotal": "23.3GB",
    "memoriaUsada": "10.2GB",
    "memoriaPercentual": 44,
    "id": 137,
    "horario": "2025-12-26T05:36:31.299Z"
  },
  {
    "usoCpu": 6,
    "memoriaTotal": "23.3GB",
    "memoriaUsada": "10.2GB",
    "memoriaPercentual": 44,
    "id": 138,
    "horario": "2025-12-26T05:36:33.881Z"
  },
  {
    "usoCpu": 5,
    "memoriaTotal": "23.3GB",
    "memoriaUsada": "10.2GB",
    "memoriaPercentual": 44,
    "id": 139,
    "horario": "2025-12-26T05:36:36.462Z"
  },
  {
    "usoCpu": 3,
    "memoriaTotal": "23.3GB",
    "memoriaUsada": "10.2GB",
    "memoriaPercentual": 44,
    "id": 140,
    "horario": "2025-12-26T05:36:39.045Z"
  },
  {
    "usoCpu": 11,
    "memoriaTotal": "23.3GB",
    "memoriaUsada": "10.3GB",
    "memoriaPercentual": 44,
    "id": 141,
    "horario": "2025-12-26T05:36:41.710Z"
  },
  {
    "usoCpu": 4,
    "memoriaTotal": "23.3GB",
    "memoriaUsada": "10.3GB",
    "memoriaPercentual": 44,
    "id": 142,
    "horario": "2025-12-26T05:36:44.384Z"
  },
  {
    "usoCpu": 5,
    "memoriaTotal": "23.3GB",
    "memoriaUsada": "10.3GB",
    "memoriaPercentual": 44,
    "id": 143,
    "horario": "2025-12-26T05:36:47.057Z"
  },
  {
    "usoCpu": 8,
    "memoriaTotal": "23.3GB",
    "memoriaUsada": "10.3GB",
    "memoriaPercentual": 44,
    "id": 144,
    "horario": "2025-12-26T05:36:49.719Z"
  },
  {
    "usoCpu": 6,
    "memoriaTotal": "23.3GB",
    "memoriaUsada": "10.3GB",
    "memoriaPercentual": 44,
    "id": 145,
    "horario": "2025-12-26T05:36:52.381Z"
  },
  {
    "usoCpu": 3,
    "memoriaTotal": "23.3GB",
    "memoriaUsada": "10.3GB",
    "memoriaPercentual": 44,
    "id": 146,
    "horario": "2025-12-26T05:36:55.049Z"
  },
  {
    "usoCpu": 3,
    "memoriaTotal": "23.3GB",
    "memoriaUsada": "10.3GB",
    "memoriaPercentual": 44,
    "id": 147,
    "horario": "2025-12-26T05:36:57.718Z"
  },
  {
    "usoCpu": 5,
    "memoriaTotal": "23.3GB",
    "memoriaUsada": "10.3GB",
    "memoriaPercentual": 44,
    "id": 148,
    "horario": "2025-12-26T05:37:00.381Z"
  },
  {
    "usoCpu": 3,
    "memoriaTotal": "23.3GB",
    "memoriaUsada": "10.3GB",
    "memoriaPercentual": 44,
    "id": 149,
    "horario": "2025-12-26T05:37:03.041Z"
  },
  {
    "usoCpu": 3,
    "memoriaTotal": "23.3GB",
    "memoriaUsada": "10.3GB",
    "memoriaPercentual": 44,
    "id": 150,
    "horario": "2025-12-26T05:37:05.698Z"
  },
  {
    "usoCpu": 4,
    "memoriaTotal": "23.3GB",
    "memoriaUsada": "10.3GB",
    "memoriaPercentual": 44,
    "id": 151,
    "horario": "2025-12-26T05:37:08.369Z"
  },
  {
    "usoCpu": 5,
    "memoriaTotal": "23.3GB",
    "memoriaUsada": "10.2GB",
    "memoriaPercentual": 44,
    "id": 152,
    "horario": "2025-12-26T05:37:11.028Z"
  },
  {
    "usoCpu": 3,
    "memoriaTotal": "23.3GB",
    "memoriaUsada": "10.3GB",
    "memoriaPercentual": 44,
    "id": 153,
    "horario": "2025-12-26T05:37:13.690Z"
  },
  {
    "usoCpu": 4,
    "memoriaTotal": "23.3GB",
    "memoriaUsada": "10.2GB",
    "memoriaPercentual": 44,
    "id": 154,
    "horario": "2025-12-26T05:37:16.359Z"
  },
  {
    "usoCpu": 4,
    "memoriaTotal": "23.3GB",
    "memoriaUsada": "10.3GB",
    "memoriaPercentual": 44,
    "id": 155,
    "horario": "2025-12-26T05:37:19.061Z"
  },
  {
    "usoCpu": 7,
    "memoriaTotal": "23.3GB",
    "memoriaUsada": "10.4GB",
    "memoriaPercentual": 45,
    "id": 156,
    "horario": "2025-12-26T05:37:21.767Z"
  },
  {
    "usoCpu": 7,
    "memoriaTotal": "23.3GB",
    "memoriaUsada": "10.5GB",
    "memoriaPercentual": 45,
    "id": 157,
    "horario": "2025-12-26T05:37:24.495Z"
  },
  {
    "usoCpu": 21,
    "memoriaTotal": "23.3GB",
    "memoriaUsada": "10.5GB",
    "memoriaPercentual": 45,
    "id": 158,
    "horario": "2025-12-26T05:37:27.239Z"
  },
  {
    "usoCpu": 14,
    "memoriaTotal": "23.3GB",
    "memoriaUsada": "10.4GB",
    "memoriaPercentual": 45,
    "id": 159,
    "horario": "2025-12-26T05:37:29.946Z"
  },
  {
    "usoCpu": 6,
    "memoriaTotal": "23.3GB",
    "memoriaUsada": "10.4GB",
    "memoriaPercentual": 45,
    "id": 160,
    "horario": "2025-12-26T05:37:32.664Z"
  },
  {
    "usoCpu": 6,
    "memoriaTotal": "23.3GB",
    "memoriaUsada": "10.4GB",
    "memoriaPercentual": 45,
    "id": 161,
    "horario": "2025-12-26T05:37:35.372Z"
  },
  {
    "usoCpu": 12,
    "memoriaTotal": "23.3GB",
    "memoriaUsada": "10.4GB",
    "memoriaPercentual": 45,
    "id": 162,
    "horario": "2025-12-26T05:37:38.088Z"
  },
  {
    "usoCpu": 5,
    "memoriaTotal": "23.3GB",
    "memoriaUsada": "10.3GB",
    "memoriaPercentual": 44,
    "id": 163,
    "horario": "2025-12-26T05:37:40.796Z"
  },
  {
    "usoCpu": 6,
    "memoriaTotal": "23.3GB",
    "memoriaUsada": "10.4GB",
    "memoriaPercentual": 45,
    "id": 164,
    "horario": "2025-12-26T05:37:43.507Z"
  },
  {
    "usoCpu": 7,
    "memoriaTotal": "23.3GB",
    "memoriaUsada": "10.4GB",
    "memoriaPercentual": 45,
    "id": 165,
    "horario": "2025-12-26T05:37:46.214Z"
  },
  {
    "usoCpu": 6,
    "memoriaTotal": "23.3GB",
    "memoriaUsada": "10.2GB",
    "memoriaPercentual": 44,
    "id": 166,
    "horario": "2025-12-26T05:37:48.926Z"
  },
  {
    "usoCpu": 6,
    "memoriaTotal": "23.3GB",
    "memoriaUsada": "10.2GB",
    "memoriaPercentual": 44,
    "id": 167,
    "horario": "2025-12-26T05:37:51.632Z"
  },
  {
    "usoCpu": 5,
    "memoriaTotal": "23.3GB",
    "memoriaUsada": "10.2GB",
    "memoriaPercentual": 44,
    "id": 168,
    "horario": "2025-12-26T05:37:54.338Z"
  },
  {
    "usoCpu": 5,
    "memoriaTotal": "23.3GB",
    "memoriaUsada": "10.2GB",
    "memoriaPercentual": 44,
    "id": 169,
    "horario": "2025-12-26T05:37:57.046Z"
  },
  {
    "usoCpu": 9,
    "memoriaTotal": "23.3GB",
    "memoriaUsada": "10.2GB",
    "memoriaPercentual": 44,
    "id": 170,
    "horario": "2025-12-26T05:37:59.756Z"
  },
  {
    "usoCpu": 6,
    "memoriaTotal": "23.3GB",
    "memoriaUsada": "10.2GB",
    "memoriaPercentual": 44,
    "id": 171,
    "horario": "2025-12-26T05:38:02.465Z"
  },
  {
    "usoCpu": 5,
    "memoriaTotal": "23.3GB",
    "memoriaUsada": "10.2GB",
    "memoriaPercentual": 44,
    "id": 172,
    "horario": "2025-12-26T05:38:05.179Z"
  },
  {
    "usoCpu": 5,
    "memoriaTotal": "23.3GB",
    "memoriaUsada": "10.2GB",
    "memoriaPercentual": 44,
    "id": 173,
    "horario": "2025-12-26T05:38:07.889Z"
  },
  {
    "usoCpu": 6,
    "memoriaTotal": "23.3GB",
    "memoriaUsada": "10.1GB",
    "memoriaPercentual": 44,
    "id": 174,
    "horario": "2025-12-26T05:38:10.603Z"
  },
  {
    "usoCpu": 5,
    "memoriaTotal": "23.3GB",
    "memoriaUsada": "10.1GB",
    "memoriaPercentual": 44,
    "id": 175,
    "horario": "2025-12-26T05:38:13.320Z"
  },
  {
    "usoCpu": 24,
    "memoriaTotal": "23.3GB",
    "memoriaUsada": "10.1GB",
    "memoriaPercentual": 44,
    "id": 176,
    "horario": "2025-12-26T05:38:16.029Z"
  },
  {
    "usoCpu": 6,
    "memoriaTotal": "23.3GB",
    "memoriaUsada": "10.2GB",
    "memoriaPercentual": 44,
    "id": 177,
    "horario": "2025-12-26T05:38:18.740Z"
  },
  {
    "usoCpu": 6,
    "memoriaTotal": "23.3GB",
    "memoriaUsada": "10.2GB",
    "memoriaPercentual": 44,
    "id": 178,
    "horario": "2025-12-26T05:38:21.452Z"
  },
  {
    "usoCpu": 5,
    "memoriaTotal": "23.3GB",
    "memoriaUsada": "10.2GB",
    "memoriaPercentual": 44,
    "id": 179,
    "horario": "2025-12-26T05:38:24.171Z"
  },
  {
    "usoCpu": 21,
    "memoriaTotal": "23.3GB",
    "memoriaUsada": "10.1GB",
    "memoriaPercentual": 44,
    "id": 180,
    "horario": "2025-12-26T05:38:26.888Z"
  },
  {
    "usoCpu": 10,
    "memoriaTotal": "23.3GB",
    "memoriaUsada": "10.3GB",
    "memoriaPercentual": 45,
    "id": 181,
    "horario": "2025-12-26T05:38:29.599Z"
  },
  {
    "usoCpu": 12,
    "memoriaTotal": "23.3GB",
    "memoriaUsada": "10.3GB",
    "memoriaPercentual": 44,
    "id": 182,
    "horario": "2025-12-26T05:38:32.312Z"
  },
  {
    "usoCpu": 13,
    "memoriaTotal": "23.3GB",
    "memoriaUsada": "10.2GB",
    "memoriaPercentual": 44,
    "id": 183,
    "horario": "2025-12-26T05:38:35.048Z"
  },
  {
    "usoCpu": 7,
    "memoriaTotal": "23.3GB",
    "memoriaUsada": "10.2GB",
    "memoriaPercentual": 44,
    "id": 184,
    "horario": "2025-12-26T05:38:37.767Z"
  },
  {
    "usoCpu": 4,
    "memoriaTotal": "23.3GB",
    "memoriaUsada": "10.0GB",
    "memoriaPercentual": 43,
    "id": 185,
    "horario": "2025-12-26T05:38:40.432Z"
  },
  {
    "usoCpu": 3,
    "memoriaTotal": "23.3GB",
    "memoriaUsada": "10.0GB",
    "memoriaPercentual": 43,
    "id": 186,
    "horario": "2025-12-26T05:38:43.098Z"
  },
  {
    "usoCpu": 3,
    "memoriaTotal": "23.3GB",
    "memoriaUsada": "10.0GB",
    "memoriaPercentual": 43,
    "id": 187,
    "horario": "2025-12-26T05:38:45.758Z"
  },
  {
    "usoCpu": 6,
    "memoriaTotal": "23.3GB",
    "memoriaUsada": "10.0GB",
    "memoriaPercentual": 43,
    "id": 188,
    "horario": "2025-12-26T05:38:48.426Z"
  },
  {
    "usoCpu": 4,
    "memoriaTotal": "23.3GB",
    "memoriaUsada": "10.0GB",
    "memoriaPercentual": 43,
    "id": 189,
    "horario": "2025-12-26T05:38:51.089Z"
  },
  {
    "usoCpu": 3,
    "memoriaTotal": "23.3GB",
    "memoriaUsada": "10.0GB",
    "memoriaPercentual": 43,
    "id": 190,
    "horario": "2025-12-26T05:38:53.745Z"
  },
  {
    "usoCpu": 3,
    "memoriaTotal": "23.3GB",
    "memoriaUsada": "10.0GB",
    "memoriaPercentual": 43,
    "id": 191,
    "horario": "2025-12-26T05:38:56.404Z"
  },
  {
    "usoCpu": 4,
    "memoriaTotal": "23.3GB",
    "memoriaUsada": "10.0GB",
    "memoriaPercentual": 43,
    "id": 192,
    "horario": "2025-12-26T05:38:59.078Z"
  },
  {
    "usoCpu": 5,
    "memoriaTotal": "23.3GB",
    "memoriaUsada": "10.1GB",
    "memoriaPercentual": 43,
    "id": 193,
    "horario": "2025-12-26T05:39:01.758Z"
  },
  {
    "usoCpu": 4,
    "memoriaTotal": "23.3GB",
    "memoriaUsada": "10.1GB",
    "memoriaPercentual": 43,
    "id": 194,
    "horario": "2025-12-26T05:39:04.428Z"
  },
  {
    "usoCpu": 4,
    "memoriaTotal": "23.3GB",
    "memoriaUsada": "10.1GB",
    "memoriaPercentual": 43,
    "id": 195,
    "horario": "2025-12-26T05:39:07.089Z"
  },
  {
    "usoCpu": 7,
    "memoriaTotal": "23.3GB",
    "memoriaUsada": "10.1GB",
    "memoriaPercentual": 43,
    "id": 196,
    "horario": "2025-12-26T05:39:09.753Z"
  },
  {
    "usoCpu": 9,
    "memoriaTotal": "23.3GB",
    "memoriaUsada": "10.1GB",
    "memoriaPercentual": 43,
    "id": 197,
    "horario": "2025-12-26T05:39:12.414Z"
  },
  {
    "usoCpu": 5,
    "memoriaTotal": "23.3GB",
    "memoriaUsada": "10.1GB",
    "memoriaPercentual": 43,
    "id": 198,
    "horario": "2025-12-26T05:39:15.089Z"
  },
  {
    "usoCpu": 6,
    "memoriaTotal": "23.3GB",
    "memoriaUsada": "10.1GB",
    "memoriaPercentual": 43,
    "id": 199,
    "horario": "2025-12-26T05:39:17.763Z"
  },
  {
    "usoCpu": 10,
    "memoriaTotal": "23.3GB",
    "memoriaUsada": "10.1GB",
    "memoriaPercentual": 43,
    "id": 200,
    "horario": "2025-12-26T05:39:20.429Z"
  },
  {
    "usoCpu": 4,
    "memoriaTotal": "23.3GB",
    "memoriaUsada": "10.0GB",
    "memoriaPercentual": 43,
    "id": 201,
    "horario": "2025-12-26T05:39:23.089Z"
  },
  {
    "usoCpu": 4,
    "memoriaTotal": "23.3GB",
    "memoriaUsada": "10.0GB",
    "memoriaPercentual": 43,
    "id": 202,
    "horario": "2025-12-26T05:39:25.750Z"
  },
  {
    "usoCpu": 6,
    "memoriaTotal": "23.3GB",
    "memoriaUsada": "10.0GB",
    "memoriaPercentual": 43,
    "id": 203,
    "horario": "2025-12-26T05:39:28.437Z"
  },
  {
    "usoCpu": 4,
    "memoriaTotal": "23.3GB",
    "memoriaUsada": "10.0GB",
    "memoriaPercentual": 43,
    "id": 204,
    "horario": "2025-12-26T05:39:31.100Z"
  },
  {
    "usoCpu": 6,
    "memoriaTotal": "23.3GB",
    "memoriaUsada": "10.2GB",
    "memoriaPercentual": 44,
    "id": 205,
    "horario": "2025-12-26T05:39:33.765Z"
  },
  {
    "usoCpu": 13,
    "memoriaTotal": "23.3GB",
    "memoriaUsada": "10.2GB",
    "memoriaPercentual": 44,
    "id": 206,
    "horario": "2025-12-26T05:39:36.424Z"
  },
  {
    "usoCpu": 5,
    "memoriaTotal": "23.3GB",
    "memoriaUsada": "10.1GB",
    "memoriaPercentual": 43,
    "id": 207,
    "horario": "2025-12-26T05:39:39.091Z"
  },
  {
    "usoCpu": 5,
    "memoriaTotal": "23.3GB",
    "memoriaUsada": "10.0GB",
    "memoriaPercentual": 43,
    "id": 208,
    "horario": "2025-12-26T05:39:41.748Z"
  },
  {
    "usoCpu": 4,
    "memoriaTotal": "23.3GB",
    "memoriaUsada": "10.0GB",
    "memoriaPercentual": 43,
    "id": 209,
    "horario": "2025-12-26T05:39:44.353Z"
  },
  {
    "usoCpu": 4,
    "memoriaTotal": "23.3GB",
    "memoriaUsada": "10.0GB",
    "memoriaPercentual": 43,
    "id": 210,
    "horario": "2025-12-26T05:39:46.956Z"
  },
  {
    "usoCpu": 7,
    "memoriaTotal": "23.3GB",
    "memoriaUsada": "10.0GB",
    "memoriaPercentual": 43,
    "id": 211,
    "horario": "2025-12-26T05:39:49.563Z"
  },
  {
    "usoCpu": 7,
    "memoriaTotal": "23.3GB",
    "memoriaUsada": "10.0GB",
    "memoriaPercentual": 43,
    "id": 212,
    "horario": "2025-12-26T05:39:52.179Z"
  },
  {
    "usoCpu": 9,
    "memoriaTotal": "23.3GB",
    "memoriaUsada": "10.0GB",
    "memoriaPercentual": 43,
    "id": 213,
    "horario": "2025-12-26T05:39:54.788Z"
  },
  {
    "usoCpu": 4,
    "memoriaTotal": "23.3GB",
    "memoriaUsada": "10.0GB",
    "memoriaPercentual": 43,
    "id": 214,
    "horario": "2025-12-26T05:39:57.393Z"
  },
  {
    "usoCpu": 6,
    "memoriaTotal": "23.3GB",
    "memoriaUsada": "10.0GB",
    "memoriaPercentual": 43,
    "id": 215,
    "horario": "2025-12-26T05:40:00.001Z"
  },
  {
    "usoCpu": 8,
    "memoriaTotal": "23.3GB",
    "memoriaUsada": "9.9GB",
    "memoriaPercentual": 43,
    "id": 216,
    "horario": "2025-12-26T05:40:02.604Z"
  },
  {
    "usoCpu": 4,
    "memoriaTotal": "23.3GB",
    "memoriaUsada": "9.9GB",
    "memoriaPercentual": 43,
    "id": 217,
    "horario": "2025-12-26T05:40:05.205Z"
  },
  {
    "usoCpu": 3,
    "memoriaTotal": "23.3GB",
    "memoriaUsada": "9.9GB",
    "memoriaPercentual": 43,
    "id": 218,
    "horario": "2025-12-26T05:40:07.816Z"
  },
  {
    "usoCpu": 3,
    "memoriaTotal": "23.3GB",
    "memoriaUsada": "9.9GB",
    "memoriaPercentual": 43,
    "id": 219,
    "horario": "2025-12-26T05:40:10.420Z"
  },
  {
    "usoCpu": 4,
    "memoriaTotal": "23.3GB",
    "memoriaUsada": "9.9GB",
    "memoriaPercentual": 43,
    "id": 220,
    "horario": "2025-12-26T05:40:13.025Z"
  },
  {
    "usoCpu": 5,
    "memoriaTotal": "23.3GB",
    "memoriaUsada": "9.9GB",
    "memoriaPercentual": 43,
    "id": 221,
    "horario": "2025-12-26T05:40:15.631Z"
  },
  {
    "usoCpu": 9,
    "memoriaTotal": "23.3GB",
    "memoriaUsada": "10.0GB",
    "memoriaPercentual": 43,
    "id": 222,
    "horario": "2025-12-26T05:40:18.342Z"
  },
  {
    "usoCpu": 4,
    "memoriaTotal": "23.3GB",
    "memoriaUsada": "10.0GB",
    "memoriaPercentual": 43,
    "id": 223,
    "horario": "2025-12-26T05:40:21.036Z"
  },
  {
    "usoCpu": 4,
    "memoriaTotal": "23.3GB",
    "memoriaUsada": "10.0GB",
    "memoriaPercentual": 43,
    "id": 224,
    "horario": "2025-12-26T05:40:23.721Z"
  },
  {
    "usoCpu": 11,
    "memoriaTotal": "23.3GB",
    "memoriaUsada": "10.0GB",
    "memoriaPercentual": 43,
    "id": 225,
    "horario": "2025-12-26T05:40:26.420Z"
  },
  {
    "usoCpu": 9,
    "memoriaTotal": "23.3GB",
    "memoriaUsada": "10.1GB",
    "memoriaPercentual": 43,
    "id": 226,
    "horario": "2025-12-26T05:40:29.159Z"
  },
  {
    "usoCpu": 6,
    "memoriaTotal": "23.3GB",
    "memoriaUsada": "10.1GB",
    "memoriaPercentual": 43,
    "id": 227,
    "horario": "2025-12-26T05:40:31.907Z"
  },
  {
    "usoCpu": 10,
    "memoriaTotal": "23.3GB",
    "memoriaUsada": "10.1GB",
    "memoriaPercentual": 43,
    "id": 228,
    "horario": "2025-12-26T05:40:34.657Z"
  },
  {
    "usoCpu": 11,
    "memoriaTotal": "23.3GB",
    "memoriaUsada": "10.2GB",
    "memoriaPercentual": 44,
    "id": 229,
    "horario": "2025-12-26T05:40:37.483Z"
  },
  {
    "usoCpu": 7,
    "memoriaTotal": "23.3GB",
    "memoriaUsada": "10.3GB",
    "memoriaPercentual": 44,
    "id": 230,
    "horario": "2025-12-26T05:40:40.229Z"
  },
  {
    "usoCpu": 6,
    "memoriaTotal": "23.3GB",
    "memoriaUsada": "10.1GB",
    "memoriaPercentual": 44,
    "id": 231,
    "horario": "2025-12-26T05:40:42.971Z"
  },
  {
    "usoCpu": 7,
    "memoriaTotal": "23.3GB",
    "memoriaUsada": "10.1GB",
    "memoriaPercentual": 43,
    "id": 232,
    "horario": "2025-12-26T05:40:45.716Z"
  },
  {
    "usoCpu": 14,
    "memoriaTotal": "23.3GB",
    "memoriaUsada": "10.1GB",
    "memoriaPercentual": 43,
    "id": 233,
    "horario": "2025-12-26T05:40:48.469Z"
  },
  {
    "usoCpu": 11,
    "memoriaTotal": "23.3GB",
    "memoriaUsada": "10.1GB",
    "memoriaPercentual": 43,
    "id": 234,
    "horario": "2025-12-26T05:40:51.225Z"
  },
  {
    "usoCpu": 8,
    "memoriaTotal": "23.3GB",
    "memoriaUsada": "10.1GB",
    "memoriaPercentual": 43,
    "id": 235,
    "horario": "2025-12-26T05:40:53.970Z"
  },
  {
    "usoCpu": 8,
    "memoriaTotal": "23.3GB",
    "memoriaUsada": "10.1GB",
    "memoriaPercentual": 43,
    "id": 236,
    "horario": "2025-12-26T05:40:56.716Z"
  },
  {
    "usoCpu": 9,
    "memoriaTotal": "23.3GB",
    "memoriaUsada": "10.1GB",
    "memoriaPercentual": 44,
    "id": 237,
    "horario": "2025-12-26T05:40:59.481Z"
  },
  {
    "usoCpu": 6,
    "memoriaTotal": "23.3GB",
    "memoriaUsada": "10.1GB",
    "memoriaPercentual": 43,
    "id": 238,
    "horario": "2025-12-26T05:41:02.224Z"
  },
  {
    "usoCpu": 11,
    "memoriaTotal": "23.3GB",
    "memoriaUsada": "10.1GB",
    "memoriaPercentual": 43,
    "id": 239,
    "horario": "2025-12-26T05:41:04.959Z"
  },
  {
    "usoCpu": 7,
    "memoriaTotal": "23.3GB",
    "memoriaUsada": "10.0GB",
    "memoriaPercentual": 43,
    "id": 240,
    "horario": "2025-12-26T05:41:07.701Z"
  },
  {
    "usoCpu": 6,
    "memoriaTotal": "23.3GB",
    "memoriaUsada": "10.1GB",
    "memoriaPercentual": 43,
    "id": 241,
    "horario": "2025-12-26T05:41:10.437Z"
  },
  {
    "usoCpu": 6,
    "memoriaTotal": "23.3GB",
    "memoriaUsada": "10.1GB",
    "memoriaPercentual": 43,
    "id": 242,
    "horario": "2025-12-26T05:41:13.183Z"
  },
  {
    "usoCpu": 6,
    "memoriaTotal": "23.3GB",
    "memoriaUsada": "10.1GB",
    "memoriaPercentual": 43,
    "id": 243,
    "horario": "2025-12-26T05:41:15.917Z"
  },
  {
    "usoCpu": 6,
    "memoriaTotal": "23.3GB",
    "memoriaUsada": "10.1GB",
    "memoriaPercentual": 44,
    "id": 244,
    "horario": "2025-12-26T05:41:18.657Z"
  },
  {
    "usoCpu": 6,
    "memoriaTotal": "23.3GB",
    "memoriaUsada": "10.1GB",
    "memoriaPercentual": 43,
    "id": 245,
    "horario": "2025-12-26T05:41:21.395Z"
  },
  {
    "usoCpu": 6,
    "memoriaTotal": "23.3GB",
    "memoriaUsada": "10.1GB",
    "memoriaPercentual": 43,
    "id": 246,
    "horario": "2025-12-26T05:41:24.133Z"
  },
  {
    "usoCpu": 8,
    "memoriaTotal": "23.3GB",
    "memoriaUsada": "10.1GB",
    "memoriaPercentual": 43,
    "id": 247,
    "horario": "2025-12-26T05:41:26.867Z"
  },
  {
    "usoCpu": 11,
    "memoriaTotal": "23.3GB",
    "memoriaUsada": "10.1GB",
    "memoriaPercentual": 43,
    "id": 248,
    "horario": "2025-12-26T05:41:29.603Z"
  },
  {
    "usoCpu": 10,
    "memoriaTotal": "23.3GB",
    "memoriaUsada": "10.1GB",
    "memoriaPercentual": 43,
    "id": 249,
    "horario": "2025-12-26T05:41:32.351Z"
  },
  {
    "usoCpu": 11,
    "memoriaTotal": "23.3GB",
    "memoriaUsada": "10.1GB",
    "memoriaPercentual": 43,
    "id": 250,
    "horario": "2025-12-26T05:41:35.114Z"
  },
  {
    "usoCpu": 6,
    "memoriaTotal": "23.3GB",
    "memoriaUsada": "10.1GB",
    "memoriaPercentual": 43,
    "id": 251,
    "horario": "2025-12-26T05:41:37.856Z"
  },
  {
    "usoCpu": 6,
    "memoriaTotal": "23.3GB",
    "memoriaUsada": "10.1GB",
    "memoriaPercentual": 43,
    "id": 252,
    "horario": "2025-12-26T05:41:40.598Z"
  },
  {
    "usoCpu": 11,
    "memoriaTotal": "23.3GB",
    "memoriaUsada": "10.3GB",
    "memoriaPercentual": 44,
    "id": 253,
    "horario": "2025-12-26T05:41:43.341Z"
  },
  {
    "usoCpu": 14,
    "memoriaTotal": "23.3GB",
    "memoriaUsada": "10.2GB",
    "memoriaPercentual": 44,
    "id": 254,
    "horario": "2025-12-26T05:41:46.089Z"
  },
  {
    "usoCpu": 6,
    "memoriaTotal": "23.3GB",
    "memoriaUsada": "10.1GB",
    "memoriaPercentual": 44,
    "id": 255,
    "horario": "2025-12-26T05:41:48.833Z"
  },
  {
    "usoCpu": 6,
    "memoriaTotal": "23.3GB",
    "memoriaUsada": "10.1GB",
    "memoriaPercentual": 43,
    "id": 256,
    "horario": "2025-12-26T05:41:51.576Z"
  },
  {
    "usoCpu": 6,
    "memoriaTotal": "23.3GB",
    "memoriaUsada": "10.1GB",
    "memoriaPercentual": 43,
    "id": 257,
    "horario": "2025-12-26T05:41:54.316Z"
  },
  {
    "usoCpu": 7,
    "memoriaTotal": "23.3GB",
    "memoriaUsada": "10.0GB",
    "memoriaPercentual": 43,
    "id": 258,
    "horario": "2025-12-26T05:41:57.065Z"
  },
  {
    "usoCpu": 12,
    "memoriaTotal": "23.3GB",
    "memoriaUsada": "10.1GB",
    "memoriaPercentual": 43,
    "id": 259,
    "horario": "2025-12-26T05:41:59.805Z"
  },
  {
    "usoCpu": 4,
    "memoriaTotal": "23.3GB",
    "memoriaUsada": "10.1GB",
    "memoriaPercentual": 43,
    "id": 260,
    "horario": "2025-12-26T05:42:02.448Z"
  },
  {
    "usoCpu": 4,
    "memoriaTotal": "23.3GB",
    "memoriaUsada": "10.0GB",
    "memoriaPercentual": 43,
    "id": 261,
    "horario": "2025-12-26T05:42:05.103Z"
  },
  {
    "usoCpu": 5,
    "memoriaTotal": "23.3GB",
    "memoriaUsada": "10.0GB",
    "memoriaPercentual": 43,
    "id": 262,
    "horario": "2025-12-26T05:42:07.735Z"
  },
  {
    "usoCpu": 4,
    "memoriaTotal": "23.3GB",
    "memoriaUsada": "10.1GB",
    "memoriaPercentual": 43,
    "id": 263,
    "horario": "2025-12-26T05:42:10.380Z"
  },
  {
    "usoCpu": 4,
    "memoriaTotal": "23.3GB",
    "memoriaUsada": "10.1GB",
    "memoriaPercentual": 43,
    "id": 264,
    "horario": "2025-12-26T05:42:13.013Z"
  },
  {
    "usoCpu": 5,
    "memoriaTotal": "23.3GB",
    "memoriaUsada": "10.0GB",
    "memoriaPercentual": 43,
    "id": 265,
    "horario": "2025-12-26T05:42:15.647Z"
  },
  {
    "usoCpu": 5,
    "memoriaTotal": "23.3GB",
    "memoriaUsada": "10.1GB",
    "memoriaPercentual": 43,
    "id": 266,
    "horario": "2025-12-26T05:42:18.279Z"
  },
  {
    "usoCpu": 19,
    "memoriaTotal": "23.3GB",
    "memoriaUsada": "10.1GB",
    "memoriaPercentual": 43,
    "id": 267,
    "horario": "2025-12-26T05:42:20.910Z"
  },
  {
    "usoCpu": 29,
    "memoriaTotal": "23.3GB",
    "memoriaUsada": "10.3GB",
    "memoriaPercentual": 44,
    "id": 268,
    "horario": "2025-12-26T05:42:23.550Z"
  },
  {
    "usoCpu": 5,
    "memoriaTotal": "23.3GB",
    "memoriaUsada": "10.5GB",
    "memoriaPercentual": 45,
    "id": 269,
    "horario": "2025-12-26T05:42:26.185Z"
  },
  {
    "usoCpu": 2,
    "memoriaTotal": "23.3GB",
    "memoriaUsada": "10.5GB",
    "memoriaPercentual": 45,
    "id": 270,
    "horario": "2025-12-26T05:42:28.810Z"
  },
  {
    "usoCpu": 2,
    "memoriaTotal": "23.3GB",
    "memoriaUsada": "10.4GB",
    "memoriaPercentual": 45,
    "id": 271,
    "horario": "2025-12-26T05:42:31.430Z"
  },
  {
    "usoCpu": 12,
    "memoriaTotal": "23.3GB",
    "memoriaUsada": "10.4GB",
    "memoriaPercentual": 45,
    "id": 272,
    "horario": "2025-12-26T05:42:34.075Z"
  },
  {
    "usoCpu": 4,
    "memoriaTotal": "23.3GB",
    "memoriaUsada": "10.4GB",
    "memoriaPercentual": 45,
    "id": 273,
    "horario": "2025-12-26T05:42:36.721Z"
  },
  {
    "usoCpu": 6,
    "memoriaTotal": "23.3GB",
    "memoriaUsada": "10.4GB",
    "memoriaPercentual": 45,
    "id": 274,
    "horario": "2025-12-26T05:42:39.364Z"
  },
  {
    "usoCpu": 4,
    "memoriaTotal": "23.3GB",
    "memoriaUsada": "10.4GB",
    "memoriaPercentual": 45,
    "id": 275,
    "horario": "2025-12-26T05:42:42.005Z"
  },
  {
    "usoCpu": 11,
    "memoriaTotal": "23.3GB",
    "memoriaUsada": "10.4GB",
    "memoriaPercentual": 45,
    "id": 276,
    "horario": "2025-12-26T05:42:44.651Z"
  },
  {
    "usoCpu": 3,
    "memoriaTotal": "23.3GB",
    "memoriaUsada": "10.4GB",
    "memoriaPercentual": 45,
    "id": 277,
    "horario": "2025-12-26T05:42:47.295Z"
  },
  {
    "usoCpu": 10,
    "memoriaTotal": "23.3GB",
    "memoriaUsada": "10.5GB",
    "memoriaPercentual": 45,
    "id": 278,
    "horario": "2025-12-26T05:42:49.945Z"
  },
  {
    "usoCpu": 2,
    "memoriaTotal": "23.3GB",
    "memoriaUsada": "10.4GB",
    "memoriaPercentual": 45,
    "id": 279,
    "horario": "2025-12-26T05:42:52.565Z"
  },
  {
    "usoCpu": 1,
    "memoriaTotal": "23.3GB",
    "memoriaUsada": "10.4GB",
    "memoriaPercentual": 45,
    "id": 280,
    "horario": "2025-12-26T05:42:55.193Z"
  },
  {
    "usoCpu": 4,
    "memoriaTotal": "23.3GB",
    "memoriaUsada": "10.3GB",
    "memoriaPercentual": 44,
    "id": 281,
    "horario": "2025-12-26T05:42:57.822Z"
  },
  {
    "usoCpu": 13,
    "memoriaTotal": "23.3GB",
    "memoriaUsada": "10.3GB",
    "memoriaPercentual": 44,
    "id": 282,
    "horario": "2025-12-26T05:43:00.454Z"
  },
  {
    "usoCpu": 12,
    "memoriaTotal": "23.3GB",
    "memoriaUsada": "10.3GB",
    "memoriaPercentual": 44,
    "id": 283,
    "horario": "2025-12-26T05:43:03.089Z"
  },
  {
    "usoCpu": 1,
    "memoriaTotal": "23.3GB",
    "memoriaUsada": "10.4GB",
    "memoriaPercentual": 45,
    "id": 284,
    "horario": "2025-12-26T05:43:05.712Z"
  },
  {
    "usoCpu": 2,
    "memoriaTotal": "23.3GB",
    "memoriaUsada": "10.4GB",
    "memoriaPercentual": 45,
    "id": 285,
    "horario": "2025-12-26T05:43:08.336Z"
  },
  {
    "usoCpu": 1,
    "memoriaTotal": "23.3GB",
    "memoriaUsada": "10.4GB",
    "memoriaPercentual": 45,
    "id": 286,
    "horario": "2025-12-26T05:43:10.963Z"
  },
  {
    "usoCpu": 2,
    "memoriaTotal": "23.3GB",
    "memoriaUsada": "10.4GB",
    "memoriaPercentual": 45,
    "id": 287,
    "horario": "2025-12-26T05:43:13.586Z"
  },
  {
    "usoCpu": 1,
    "memoriaTotal": "23.3GB",
    "memoriaUsada": "10.3GB",
    "memoriaPercentual": 44,
    "id": 288,
    "horario": "2025-12-26T05:43:16.211Z"
  },
  {
    "usoCpu": 0,
    "memoriaTotal": "23.3GB",
    "memoriaUsada": "10.3GB",
    "memoriaPercentual": 44,
    "id": 289,
    "horario": "2025-12-26T05:43:18.829Z"
  },
  {
    "usoCpu": 3,
    "memoriaTotal": "23.3GB",
    "memoriaUsada": "10.2GB",
    "memoriaPercentual": 44,
    "id": 290,
    "horario": "2025-12-26T05:43:21.457Z"
  }
]