[
  {
    "ipRemoto": "138.199.4.75",
    "porta": 443,
    "pid": 128437,
    "horarioInicio": "2025-12-26T05:36:41.124Z",
    "status": "ativo",
    "id": 1
  },
  {
    "ipRemoto": "138.199.4.75",
    "porta": 443,
    "pid": 128437,
    "horarioInicio": "2025-12-26T05:36:43.797Z",
    "status": "ativo",
    "id": 2
  },
  {
    "ipRemoto": "138.199.4.75",
    "porta": 443,
    "pid": 128437,
    "horarioInicio": "2025-12-26T05:36:46.461Z",
    "status": "ativo",
    "id": 3
  },
  {
    "ipRemoto": "138.199.4.75",
    "porta": 443,
    "pid": 128437,
    "horarioInicio": "2025-12-26T05:36:49.136Z",
    "status": "ativo",
    "id": 4
  },
  {
    "ipRemoto": "138.199.4.75",
    "porta": 443,
    "pid": 128437,
    "horarioInicio": "2025-12-26T05:36:51.796Z",
    "status": "ativo",
    "id": 5
  },
  {
    "ipRemoto": "138.199.4.75",
    "porta": 443,
    "pid": 128437,
    "horarioInicio": "2025-12-26T05:36:54.461Z",
    "status": "ativo",
    "id": 6
  },
  {
    "ipRemoto": "138.199.4.75",
    "porta": 443,
    "pid": 128437,
    "horarioInicio": "2025-12-26T05:36:57.131Z",
    "status": "ativo",
    "id": 7
  },
  {
    "ipRemoto": "138.199.4.75",
    "porta": 443,
    "pid": 128437,
    "horarioInicio": "2025-12-26T05:36:59.795Z",
    "status": "ativo",
    "id": 8
  },
  {
    "ipRemoto": "138.199.4.75",
    "porta": 443,
    "pid": 128437,
    "horarioInicio": "2025-12-26T05:37:02.458Z",
    "status": "ativo",
    "id": 9
  },
  {
    "ipRemoto": "138.199.4.75",
    "porta": 443,
    "pid": 128437,
    "horarioInicio": "2025-12-26T05:37:05.115Z",
    "status": "ativo",
    "id": 10
  },
  {
    "ipRemoto": "138.199.4.75",
    "porta": 443,
    "pid": 128437,
    "horarioInicio": "2025-12-26T05:37:07.775Z",
    "status": "ativo",
    "id": 11
  },
  {
    "ipRemoto": "138.199.4.75",
    "porta": 443,
    "pid": 128437,
    "horarioInicio": "2025-12-26T05:37:10.444Z",
    "status": "ativo",
    "id": 12
  },
  {
    "ipRemoto": "138.199.4.75",
    "porta": 443,
    "pid": 128437,
    "horarioInicio": "2025-12-26T05:37:13.104Z",
    "status": "ativo",
    "id": 13
  },
  {
    "ipRemoto": "138.199.4.75",
    "porta": 443,
    "pid": 128437,
    "horarioInicio": "2025-12-26T05:37:15.766Z",
    "status": "ativo",
    "id": 14
  },
  {
    "ipRemoto": "127.0.0.1",
    "porta": 7070,
    "pid": 128437,
    "horarioInicio": "2025-12-26T05:37:18.444Z",
    "status": "ativo",
    "id": 15
  },
  {
    "ipRemoto": "127.0.0.1",
    "porta": 7070,
    "pid": 128437,
    "horarioInicio": "2025-12-26T05:37:21.144Z",
    "status": "ativo",
    "id": 16
  },
  {
    "ipRemoto": "127.0.0.1",
    "porta": 7070,
    "pid": 128437,
    "horarioInicio": "2025-12-26T05:37:23.852Z",
    "status": "ativo",
    "id": 17
  },
  {
    "ipRemoto": "127.0.0.1",
    "porta": 7070,
    "pid": 128437,
    "horarioInicio": "2025-12-26T05:37:26.591Z",
    "status": "ativo",
    "id": 18
  },
  {
    "ipRemoto": "127.0.0.1",
    "porta": 7070,
    "pid": 128437,
    "horarioInicio": "2025-12-26T05:37:29.325Z",
    "status": "ativo",
    "id": 19
  },
  {
    "ipRemoto": "127.0.0.1",
    "porta": 7070,
    "pid": 128437,
    "horarioInicio": "2025-12-26T05:37:32.035Z",
    "status": "ativo",
    "id": 20
  },
  {
    "ipRemoto": "127.0.0.1",
    "porta": 7070,
    "pid": 128437,
    "horarioInicio": "2025-12-26T05:37:34.750Z",
    "status": "ativo",
    "id": 21
  },
  {
    "ipRemoto": "127.0.0.1",
    "porta": 7070,
    "pid": 128437,
    "horarioInicio": "2025-12-26T05:37:37.455Z",
    "status": "ativo",
    "id": 22
  },
  {
    "ipRemoto": "127.0.0.1",
    "porta": 7070,
    "pid": 128437,
    "horarioInicio": "2025-12-26T05:37:40.173Z",
    "status": "ativo",
    "id": 23
  },
  {
    "ipRemoto": "127.0.0.1",
    "porta": 7070,
    "pid": 128437,
    "horarioInicio": "2025-12-26T05:37:42.884Z",
    "status": "ativo",
    "id": 24
  },
  {
    "ipRemoto": "127.0.0.1",
    "porta": 7070,
    "pid": 128437,
    "horarioInicio": "2025-12-26T05:37:45.591Z",
    "status": "ativo",
    "id": 25
  },
  {
    "ipRemoto": "127.0.0.1",
    "porta": 7070,
    "pid": 128437,
    "horarioInicio": "2025-12-26T05:37:48.302Z",
    "status": "ativo",
    "id": 26
  },
  {
    "ipRemoto": "127.0.0.1",
    "porta": 7070,
    "pid": 128437,
    "horarioInicio": "2025-12-26T05:37:51.010Z",
    "status": "ativo",
    "id": 27
  },
  {
    "ipRemoto": "127.0.0.1",
    "porta": 7070,
    "pid": 128437,
    "horarioInicio": "2025-12-26T05:37:53.715Z",
    "status": "ativo",
    "id": 28
  },
  {
    "ipRemoto": "127.0.0.1",
    "porta": 7070,
    "pid": 128437,
    "horarioInicio": "2025-12-26T05:37:56.425Z",
    "status": "ativo",
    "id": 29
  },
  {
    "ipRemoto": "127.0.0.1",
    "porta": 7070,
    "pid": 128437,
    "horarioInicio": "2025-12-26T05:37:59.132Z",
    "status": "ativo",
    "id": 30
  },
  {
    "ipRemoto": "127.0.0.1",
    "porta": 7070,
    "pid": 128437,
    "horarioInicio": "2025-12-26T05:38:01.841Z",
    "status": "ativo",
    "id": 31
  },
  {
    "ipRemoto": "127.0.0.1",
    "porta": 7070,
    "pid": 128437,
    "horarioInicio": "2025-12-26T05:38:04.554Z",
    "status": "ativo",
    "id": 32
  },
  {
    "ipRemoto": "127.0.0.1",
    "porta": 7070,
    "pid": 128437,
    "horarioInicio": "2025-12-26T05:38:07.264Z",
    "status": "ativo",
    "id": 33
  },
  {
    "ipRemoto": "127.0.0.1",
    "porta": 7070,
    "pid": 128437,
    "horarioInicio": "2025-12-26T05:38:09.977Z",
    "status": "ativo",
    "id": 34
  },
  {
    "ipRemoto": "127.0.0.1",
    "porta": 7070,
    "pid": 128437,
    "horarioInicio": "2025-12-26T05:38:12.692Z",
    "status": "ativo",
    "id": 35
  },
  {
    "ipRemoto": "127.0.0.1",
    "porta": 7070,
    "pid": 128437,
    "horarioInicio": "2025-12-26T05:38:15.404Z",
    "status": "ativo",
    "id": 36
  },
  {
    "ipRemoto": "127.0.0.1",
    "porta": 7070,
    "pid": 128437,
    "horarioInicio": "2025-12-26T05:38:18.115Z",
    "status": "ativo",
    "id": 37
  },
  {
    "ipRemoto": "127.0.0.1",
    "porta": 7070,
    "pid": 128437,
    "horarioInicio": "2025-12-26T05:38:20.826Z",
    "status": "ativo",
    "id": 38
  },
  {
    "ipRemoto": "127.0.0.1",
    "porta": 7070,
    "pid": 128437,
    "horarioInicio": "2025-12-26T05:38:23.540Z",
    "status": "ativo",
    "id": 39
  },
  {
    "ipRemoto": "127.0.0.1",
    "porta": 7070,
    "pid": 128437,
    "horarioInicio": "2025-12-26T05:38:26.253Z",
    "status": "ativo",
    "id": 40
  },
  {
    "ipRemoto": "127.0.0.1",
    "porta": 7070,
    "pid": 128437,
    "horarioInicio": "2025-12-26T05:38:28.974Z",
    "status": "ativo",
    "id": 41
  },
  {
    "ipRemoto": "127.0.0.1",
    "porta": 7070,
    "pid": 128437,
    "horarioInicio": "2025-12-26T05:38:31.687Z",
    "status": "ativo",
    "id": 42
  },
  {
    "ipRemoto": "127.0.0.1",
    "porta": 7070,
    "pid": 128437,
    "horarioInicio": "2025-12-26T05:38:34.401Z",
    "status": "ativo",
    "id": 43
  },
  {
    "ipRemoto": "127.0.0.1",
    "porta": 7070,
    "pid": 128437,
    "horarioInicio": "2025-12-26T05:38:37.140Z",
    "status": "ativo",
    "id": 44
  },
  {
    "ipRemoto": "127.0.0.1",
    "porta": 7070,
    "pid": 128437,
    "horarioInicio": "2025-12-26T05:38:39.816Z",
    "status": "ativo",
    "id": 45
  },
  {
    "ipRemoto": "127.0.0.1",
    "porta": 7070,
    "pid": 128437,
    "horarioInicio": "2025-12-26T05:38:42.484Z",
    "status": "ativo",
    "id": 46
  },
  {
    "ipRemoto": "127.0.0.1",
    "porta": 7070,
    "pid": 128437,
    "horarioInicio": "2025-12-26T05:38:45.147Z",
    "status": "ativo",
    "id": 47
  },
  {
    "ipRemoto": "127.0.0.1",
    "porta": 7070,
    "pid": 128437,
    "horarioInicio": "2025-12-26T05:38:47.809Z",
    "status": "ativo",
    "id": 48
  },
  {
    "ipRemoto": "127.0.0.1",
    "porta": 7070,
    "pid": 128437,
    "horarioInicio": "2025-12-26T05:38:50.477Z",
    "status": "ativo",
    "id": 49
  },
  {
    "ipRemoto": "127.0.0.1",
    "porta": 7070,
    "pid": 128437,
    "horarioInicio": "2025-12-26T05:38:53.138Z",
    "status": "ativo",
    "id": 50
  },
  {
    "ipRemoto": "127.0.0.1",
    "porta": 7070,
    "pid": 128437,
    "horarioInicio": "2025-12-26T05:38:55.794Z",
    "status": "ativo",
    "id": 51
  },
  {
    "ipRemoto": "127.0.0.1",
    "porta": 7070,
    "pid": 128437,
    "horarioInicio": "2025-12-26T05:38:58.452Z",
    "status": "ativo",
    "id": 52
  },
  {
    "ipRemoto": "127.0.0.1",
    "porta": 7070,
    "pid": 128437,
    "horarioInicio": "2025-12-26T05:39:01.127Z",
    "status": "ativo",
    "id": 53
  },
  {
    "ipRemoto": "127.0.0.1",
    "porta": 7070,
    "pid": 128437,
    "horarioInicio": "2025-12-26T05:39:03.811Z",
    "status": "ativo",
    "id": 54
  },
  {
    "ipRemoto": "127.0.0.1",
    "porta": 7070,
    "pid": 128437,
    "horarioInicio": "2025-12-26T05:39:06.476Z",
    "status": "ativo",
    "id": 55
  },
  {
    "ipRemoto": "127.0.0.1",
    "porta": 7070,
    "pid": 128437,
    "horarioInicio": "2025-12-26T05:39:09.141Z",
    "status": "ativo",
    "id": 56
  },
  {
    "ipRemoto": "138.199.4.75",
    "porta": 443,
    "pid": 128437,
    "horarioInicio": "2025-12-26T05:39:11.803Z",
    "status": "ativo",
    "id": 57
  },
  {
    "ipRemoto": "138.199.4.75",
    "porta": 443,
    "pid": 128437,
    "horarioInicio": "2025-12-26T05:39:14.469Z",
    "status": "ativo",
    "id": 58
  },
  {
    "ipRemoto": "138.199.4.75",
    "porta": 443,
    "pid": 128437,
    "horarioInicio": "2025-12-26T05:39:17.140Z",
    "status": "ativo",
    "id": 59
  },
  {
    "ipRemoto": "138.199.4.75",
    "porta": 443,
    "pid": 128437,
    "horarioInicio": "2025-12-26T05:39:19.815Z",
    "status": "ativo",
    "id": 60
  },
  {
    "ipRemoto": "138.199.4.75",
    "porta": 443,
    "pid": 128437,
    "horarioInicio": "2025-12-26T05:39:22.478Z",
    "status": "ativo",
    "id": 61
  },
  {
    "ipRemoto": "138.199.4.75",
    "porta": 443,
    "pid": 128437,
    "horarioInicio": "2025-12-26T05:39:25.139Z",
    "status": "ativo",
    "id": 62
  },
  {
    "ipRemoto": "138.199.4.75",
    "porta": 443,
    "pid": 128437,
    "horarioInicio": "2025-12-26T05:39:27.816Z",
    "status": "ativo",
    "id": 63
  },
  {
    "ipRemoto": "138.199.4.75",
    "porta": 443,
    "pid": 128437,
    "horarioInicio": "2025-12-26T05:39:30.489Z",
    "status": "ativo",
    "id": 64
  },
  {
    "ipRemoto": "138.199.4.75",
    "porta": 443,
    "pid": 128437,
    "horarioInicio": "2025-12-26T05:39:33.152Z",
    "status": "ativo",
    "id": 65
  },
  {
    "ipRemoto": "138.199.4.75",
    "porta": 443,
    "pid": 128437,
    "horarioInicio": "2025-12-26T05:39:35.814Z",
    "status": "ativo",
    "id": 66
  },
  {
    "ipRemoto": "138.199.4.75",
    "porta": 443,
    "pid": 128437,
    "horarioInicio": "2025-12-26T05:39:38.473Z",
    "status": "ativo",
    "id": 67
  },
  {
    "ipRemoto": "138.199.4.75",
    "porta": 443,
    "pid": 128437,
    "horarioInicio": "2025-12-26T05:39:41.140Z",
    "status": "ativo",
    "id": 68
  },
  {
    "ipRemoto": "138.199.4.75",
    "porta": 443,
    "pid": 137606,
    "horarioInicio": "2025-12-26T05:40:17.752Z",
    "status": "ativo",
    "id": 69
  },
  {
    "ipRemoto": "138.199.4.75",
    "porta": 443,
    "pid": 137606,
    "horarioInicio": "2025-12-26T05:40:20.452Z",
    "status": "ativo",
    "id": 70
  },
  {
    "ipRemoto": "138.199.4.75",
    "porta": 443,
    "pid": 137606,
    "horarioInicio": "2025-12-26T05:40:23.139Z",
    "status": "ativo",
    "id": 71
  },
  {
    "ipRemoto": "177.220.182.119",
    "porta": 1148,
    "pid": 137606,
    "horarioInicio": "2025-12-26T05:40:25.827Z",
    "status": "ativo",
    "id": 72
  },
  {
    "ipRemoto": "138.199.4.75",
    "porta": 443,
    "pid": 137606,
    "horarioInicio": "2025-12-26T05:40:28.534Z",
    "status": "ativo",
    "id": 73
  },
  {
    "ipRemoto": "138.199.4.75",
    "porta": 443,
    "pid": 137606,
    "horarioInicio": "2025-12-26T05:40:31.280Z",
    "status": "ativo",
    "id": 74
  },
  {
    "ipRemoto": "138.199.4.75",
    "porta": 443,
    "pid": 137606,
    "horarioInicio": "2025-12-26T05:40:34.027Z",
    "status": "ativo",
    "id": 75
  },
  {
    "ipRemoto": "138.199.4.75",
    "porta": 443,
    "pid": 137606,
    "horarioInicio": "2025-12-26T05:40:36.841Z",
    "status": "ativo",
    "id": 76
  },
  {
    "ipRemoto": "138.199.4.75",
    "porta": 443,
    "pid": 137606,
    "horarioInicio": "2025-12-26T05:40:39.606Z",
    "status": "ativo",
    "id": 77
  },
  {
    "ipRemoto": "138.199.4.75",
    "porta": 443,
    "pid": 137606,
    "horarioInicio": "2025-12-26T05:40:42.345Z",
    "status": "ativo",
    "id": 78
  },
  {
    "ipRemoto": "138.199.4.75",
    "porta": 443,
    "pid": 137606,
    "horarioInicio": "2025-12-26T05:40:45.093Z",
    "status": "ativo",
    "id": 79
  },
  {
    "ipRemoto": "138.199.4.75",
    "porta": 443,
    "pid": 137606,
    "horarioInicio": "2025-12-26T05:40:47.838Z",
    "status": "ativo",
    "id": 80
  },
  {
    "ipRemoto": "138.199.4.75",
    "porta": 443,
    "pid": 137606,
    "horarioInicio": "2025-12-26T05:40:50.590Z",
    "status": "ativo",
    "id": 81
  },
  {
    "ipRemoto": "138.199.4.75",
    "porta": 443,
    "pid": 137606,
    "horarioInicio": "2025-12-26T05:40:53.340Z",
    "status": "ativo",
    "id": 82
  },
  {
    "ipRemoto": "138.199.4.75",
    "porta": 443,
    "pid": 137606,
    "horarioInicio": "2025-12-26T05:40:56.087Z",
    "status": "ativo",
    "id": 83
  },
  {
    "ipRemoto": "138.199.4.75",
    "porta": 443,
    "pid": 137606,
    "horarioInicio": "2025-12-26T05:40:58.833Z",
    "status": "ativo",
    "id": 84
  },
  {
    "ipRemoto": "138.199.4.75",
    "porta": 443,
    "pid": 137606,
    "horarioInicio": "2025-12-26T05:41:01.595Z",
    "status": "ativo",
    "id": 85
  },
  {
    "ipRemoto": "138.199.4.75",
    "porta": 443,
    "pid": 137606,
    "horarioInicio": "2025-12-26T05:41:04.337Z",
    "status": "ativo",
    "id": 86
  },
  {
    "ipRemoto": "138.199.4.75",
    "porta": 443,
    "pid": 137606,
    "horarioInicio": "2025-12-26T05:41:07.075Z",
    "status": "ativo",
    "id": 87
  },
  {
    "ipRemoto": "138.199.4.75",
    "porta": 443,
    "pid": 137606,
    "horarioInicio": "2025-12-26T05:41:09.814Z",
    "status": "ativo",
    "id": 88
  },
  {
    "ipRemoto": "138.199.4.75",
    "porta": 443,
    "pid": 137606,
    "horarioInicio": "2025-12-26T05:41:12.558Z",
    "status": "ativo",
    "id": 89
  },
  {
    "ipRemoto": "138.199.4.75",
    "porta": 443,
    "pid": 137606,
    "horarioInicio": "2025-12-26T05:41:15.297Z",
    "status": "ativo",
    "id": 90
  },
  {
    "ipRemoto": "138.199.4.75",
    "porta": 443,
    "pid": 137606,
    "horarioInicio": "2025-12-26T05:41:18.030Z",
    "status": "ativo",
    "id": 91
  },
  {
    "ipRemoto": "138.199.4.75",
    "porta": 443,
    "pid": 137606,
    "horarioInicio": "2025-12-26T05:41:20.771Z",
    "status": "ativo",
    "id": 92
  },
  {
    "ipRemoto": "138.199.4.75",
    "porta": 443,
    "pid": 137606,
    "horarioInicio": "2025-12-26T05:41:23.509Z",
    "status": "ativo",
    "id": 93
  },
  {
    "ipRemoto": "138.199.4.75",
    "porta": 443,
    "pid": 137606,
    "horarioInicio": "2025-12-26T05:41:26.247Z",
    "status": "ativo",
    "id": 94
  },
  {
    "ipRemoto": "138.199.4.75",
    "porta": 443,
    "pid": 137606,
    "horarioInicio": "2025-12-26T05:41:28.983Z",
    "status": "ativo",
    "id": 95
  },
  {
    "ipRemoto": "138.199.4.75",
    "porta": 443,
    "pid": 137606,
    "horarioInicio": "2025-12-26T05:41:31.722Z",
    "status": "ativo",
    "id": 96
  },
  {
    "ipRemoto": "138.199.4.75",
    "porta": 443,
    "pid": 137606,
    "horarioInicio": "2025-12-26T05:41:34.473Z",
    "status": "ativo",
    "id": 97
  },
  {
    "ipRemoto": "138.199.4.75",
    "porta": 443,
    "pid": 137606,
    "horarioInicio": "2025-12-26T05:41:37.231Z",
    "status": "ativo",
    "id": 98
  },
  {
    "ipRemoto": "138.199.4.75",
    "porta": 443,
    "pid": 137606,
    "horarioInicio": "2025-12-26T05:41:39.973Z",
    "status": "ativo",
    "id": 99
  },
  {
    "ipRemoto": "138.199.4.75",
    "porta": 443,
    "pid": 137606,
    "horarioInicio": "2025-12-26T05:41:42.714Z",
    "status": "ativo",
    "id": 100
  },
  {
    "ipRemoto": "138.199.4.75",
    "porta": 443,
    "pid": 137606,
    "horarioInicio": "2025-12-26T05:41:45.458Z",
    "status": "ativo",
    "id": 101
  },
  {
    "ipRemoto": "138.199.4.75",
    "porta": 443,
    "pid": 137606,
    "horarioInicio": "2025-12-26T05:41:48.208Z",
    "status": "ativo",
    "id": 102
  },
  {
    "ipRemoto": "138.199.4.75",
    "porta": 443,
    "pid": 137606,
    "horarioInicio": "2025-12-26T05:41:50.953Z",
    "status": "ativo",
    "id": 103
  },
  {
    "ipRemoto": "138.199.4.75",
    "porta": 443,
    "pid": 137606,
    "horarioInicio": "2025-12-26T05:41:53.692Z",
    "status": "ativo",
    "id": 104
  },
  {
    "ipRemoto": "138.199.4.75",
    "porta": 443,
    "pid": 137606,
    "horarioInicio": "2025-12-26T05:41:56.432Z",
    "status": "ativo",
    "id": 105
  },
  {
    "ipRemoto": "138.199.4.75",
    "porta": 443,
    "pid": 137606,
    "horarioInicio": "2025-12-26T05:41:59.180Z",
    "status": "ativo",
    "id": 106
  }
]